task_id,component_index,class_name,slot,db_status,attempt_count,attempts,error_code,started_at,ended_at,actual_grasp_success,review_note
TASK-20260908T064526000816Z,0,마스크,slot_1,SUCCESS,1,"[{'attempt_no': 1, 'status': 'SUCCESS', 'started_at': '2026-09-08T06:45:59.787640+00:00', 'ended_at': '2026-09-08T06:46:50.301010+00:00', 'failed_stage': '', 'error_code': '', 'detail': ''}]",,2026-09-08 06:45:59.787,2026-09-08 06:46:50.301,FALSE,
TASK-20260908T065051667419Z,0,마스크,slot_1,SUCCESS,1,"[{'attempt_no': 1, 'status': 'SUCCESS', 'started_at': '2026-09-08T06:51:16.353467+00:00', 'ended_at': '2026-09-08T06:52:06.807218+00:00', 'failed_stage': '', 'error_code': '', 'detail': ''}]",,2026-09-08 06:51:16.353,2026-09-08 06:52:06.807,FALSE,
TASK-20260908T065842478845Z,0,마스크,slot_1,FAILED,1,"[{'attempt_no': 1, 'status': 'FAILED', 'started_at': '2026-09-08T06:58:59.476421+00:00', 'ended_at': '2026-09-08T06:59:41.348141+00:00', 'failed_stage': 'PLACE', 'error_code': 'place_failed', 'detail': 'movel failed: result=-1, pose=[-20.0, -700.0, 250.0, 90.0, -150.0, 180.0]'}]",place_failed,2026-09-08 06:58:59.476,2026-09-08 06:59:41.348,FALSE,
TASK-20260908T070429730427Z,0,마스크,slot_1,SUCCESS,1,"[{'attempt_no': 1, 'status': 'SUCCESS', 'started_at': '2026-09-08T07:04:44.630579+00:00', 'ended_at': '2026-09-08T07:05:33.415894+00:00', 'failed_stage': '', 'error_code': '', 'detail': ''}]",,2026-09-08 07:04:44.630,2026-09-08 07:05:33.415,FALSE,
TASK-20260908T070930692553Z,0,마스크,slot_1,SUCCESS,1,"[{'attempt_no': 1, 'status': 'SUCCESS', 'started_at': '2026-09-08T07:09:54.284341+00:00', 'ended_at': '2026-09-08T07:10:41.922019+00:00', 'failed_stage': '', 'error_code': '', 'detail': ''}]",,2026-09-08 07:09:54.284,2026-09-08 07:10:41.922,TRUE,
TASK-20260908T071342411900Z,0,마스크,slot_1,SUCCESS,1,"[{'attempt_no': 1, 'status': 'SUCCESS', 'started_at': '2026-09-08T07:14:19.104131+00:00', 'ended_at': '2026-09-08T07:15:06.317277+00:00', 'failed_stage': '', 'error_code': '', 'detail': ''}]",,2026-09-08 07:14:19.104,2026-09-08 07:15:06.317,FALSE,
TASK-20260908T064526000816Z,1,분유,slot_2,SUCCESS,1,"[{'attempt_no': 1, 'status': 'SUCCESS', 'started_at': '2026-09-08T06:46:50.302144+00:00', 'ended_at': '2026-09-08T06:47:38.701223+00:00', 'failed_stage': '', 'error_code': '', 'detail': ''}]",,2026-09-08 06:46:50.302,2026-09-08 06:47:38.701,TRUE,
TASK-20260908T064526000816Z,2,분유,slot_3,SUCCESS,1,"[{'attempt_no': 1, 'status': 'SUCCESS', 'started_at': '2026-09-08T06:47:38.702261+00:00', 'ended_at': '2026-09-08T06:48:23.202161+00:00', 'failed_stage': '', 'error_code': '', 'detail': ''}]",,2026-09-08 06:47:38.702,2026-09-08 06:48:23.202,TRUE,
TASK-20260908T065051667419Z,1,분유,slot_2,FAILED,1,"[{'attempt_no': 1, 'status': 'FAILED', 'started_at': '2026-09-08T06:52:06.809161+00:00', 'ended_at': '2026-09-08T06:52:39.958746+00:00', 'failed_stage': 'PLACE', 'error_code': 'place_failed', 'detail': 'movel failed: result=-1, pose=[-20.0, -540.0, 250.0, 90.0, -150.0, 180.0]'}]",place_failed,2026-09-08 06:52:06.809,2026-09-08 06:52:39.958,TRUE,특이점도달
TASK-20260908T070429730427Z,1,분유,slot_2,SUCCESS,1,"[{'attempt_no': 1, 'status': 'SUCCESS', 'started_at': '2026-09-08T07:05:33.416799+00:00', 'ended_at': '2026-09-08T07:06:15.716379+00:00', 'failed_stage': '', 'error_code': '', 'detail': ''}]",,2026-09-08 07:05:33.416,2026-09-08 07:06:15.716,TRUE,특이점도달
TASK-20260908T070429730427Z,2,분유,slot_3,SUCCESS,1,"[{'attempt_no': 1, 'status': 'SUCCESS', 'started_at': '2026-09-08T07:06:15.717428+00:00', 'ended_at': '2026-09-08T07:06:58.119068+00:00', 'failed_stage': '', 'error_code': '', 'detail': ''}]",,2026-09-08 07:06:15.717,2026-09-08 07:06:58.119,FALSE,
TASK-20260908T070930692553Z,1,분유,slot_2,SUCCESS,1,"[{'attempt_no': 1, 'status': 'SUCCESS', 'started_at': '2026-09-08T07:10:41.923286+00:00', 'ended_at': '2026-09-08T07:11:32.119966+00:00', 'failed_stage': '', 'error_code': '', 'detail': ''}]",,2026-09-08 07:10:41.923,2026-09-08 07:11:32.119,TRUE,
TASK-20260908T070930692553Z,2,분유,slot_3,FAILED,1,"[{'attempt_no': 1, 'status': 'FAILED', 'started_at': '2026-09-08T07:11:32.121163+00:00', 'ended_at': '2026-09-08T07:11:39.473511+00:00', 'failed_stage': 'OBSERVE', 'error_code': 'out_of_workspace', 'detail': '좌표 획득 실패'}]",out_of_workspace,2026-09-08 07:11:32.121,2026-09-08 07:11:39.473,FALSE,좌표획득실패
TASK-20260908T071342411900Z,1,분유,slot_2,SUCCESS,1,"[{'attempt_no': 1, 'status': 'SUCCESS', 'started_at': '2026-09-08T07:15:06.319187+00:00', 'ended_at': '2026-09-08T07:15:49.115396+00:00', 'failed_stage': '', 'error_code': '', 'detail': ''}]",,2026-09-08 07:15:06.319,2026-09-08 07:15:49.115,TRUE,
TASK-20260908T071342411900Z,2,분유,slot_3,SUCCESS,1,"[{'attempt_no': 1, 'status': 'SUCCESS', 'started_at': '2026-09-08T07:15:49.118905+00:00', 'ended_at': '2026-09-08T07:16:39.115622+00:00', 'failed_stage': '', 'error_code': '', 'detail': ''}]",,2026-09-08 07:15:49.118,2026-09-08 07:16:39.115,TRUE,
TASK-20260908T072024958487Z,0,분유,slot_1,SUCCESS,1,"[{'attempt_no': 1, 'status': 'SUCCESS', 'started_at': '2026-09-08T07:20:40.988967+00:00', 'ended_at': '2026-09-08T07:21:30.914819+00:00', 'failed_stage': '', 'error_code': '', 'detail': ''}]",,2026-09-08 07:20:40.988,2026-09-08 07:21:30.914,TRUE,
TASK-20260908T072630963561Z,0,분유,slot_1,SUCCESS,1,"[{'attempt_no': 1, 'status': 'SUCCESS', 'started_at': '2026-09-08T07:26:41.234654+00:00', 'ended_at': '2026-09-08T07:27:27.324024+00:00', 'failed_stage': '', 'error_code': '', 'detail': ''}]",,2026-09-08 07:26:41.234,2026-09-08 07:27:27.324,TRUE,
TASK-20260908T073206626754Z,0,분유,slot_1,SUCCESS,1,"[{'attempt_no': 1, 'status': 'SUCCESS', 'started_at': '2026-09-08T07:32:16.136522+00:00', 'ended_at': '2026-09-08T07:33:05.815088+00:00', 'failed_stage': '', 'error_code': '', 'detail': ''}]",,2026-09-08 07:32:16.136,2026-09-08 07:33:05.815,FALSE,파지실패
TASK-20260908T073716715854Z,0,분유,slot_1,SUCCESS,1,"[{'attempt_no': 1, 'status': 'SUCCESS', 'started_at': '2026-09-08T07:37:41.590962+00:00', 'ended_at': '2026-09-08T07:38:30.918154+00:00', 'failed_stage': '', 'error_code': '', 'detail': ''}]",,2026-09-08 07:37:41.590,2026-09-08 07:38:30.918,TRUE,
TASK-20260908T074316093491Z,0,분유,slot_1,SUCCESS,1,"[{'attempt_no': 1, 'status': 'SUCCESS', 'started_at': '2026-09-08T07:43:32.820521+00:00', 'ended_at': '2026-09-08T07:44:23.630042+00:00', 'failed_stage': '', 'error_code': '', 'detail': ''}]",,2026-09-08 07:43:32.820,2026-09-08 07:44:23.630,TRUE,
TASK-20260908T063104191011Z,0,샴푸리필,slot_1,SUCCESS,1,"[{'attempt_no': 1, 'status': 'SUCCESS', 'started_at': '2026-09-08T06:31:14.949088+00:00', 'ended_at': '2026-09-08T06:32:03.190024+00:00', 'failed_stage': '', 'error_code': '', 'detail': ''}]",,2026-09-08 06:31:14.949,2026-09-08 06:32:03.190,TRUE,파지 후 실패
TASK-20260908T063535978796Z,0,샴푸리필,slot_1,SUCCESS,1,"[{'attempt_no': 1, 'status': 'SUCCESS', 'started_at': '2026-09-08T06:36:09.094749+00:00', 'ended_at': '2026-09-08T06:36:59.197002+00:00', 'failed_stage': '', 'error_code': '', 'detail': ''}]",,2026-09-08 06:36:09.094,2026-09-08 06:36:59.197,TRUE,
TASK-20260908T063921355753Z,0,샴푸리필,slot_1,SUCCESS,1,"[{'attempt_no': 1, 'status': 'SUCCESS', 'started_at': '2026-09-08T06:39:50.006046+00:00', 'ended_at': '2026-09-08T06:40:41.197200+00:00', 'failed_stage': '', 'error_code': '', 'detail': ''}]",,2026-09-08 06:39:50.006,2026-09-08 06:40:41.197,TRUE,
TASK-20260908T064526000816Z,3,샴푸리필,slot_4,SUCCESS,1,"[{'attempt_no': 1, 'status': 'SUCCESS', 'started_at': '2026-09-08T06:48:23.207077+00:00', 'ended_at': '2026-09-08T06:49:09.902171+00:00', 'failed_stage': '', 'error_code': '', 'detail': ''}]",,2026-09-08 06:48:23.207,2026-09-08 06:49:09.902,TRUE,
TASK-20260908T070429730427Z,3,샴푸리필,slot_4,SUCCESS,1,"[{'attempt_no': 1, 'status': 'SUCCESS', 'started_at': '2026-09-08T07:06:58.121245+00:00', 'ended_at': '2026-09-08T07:07:43.928260+00:00', 'failed_stage': '', 'error_code': '', 'detail': ''}]",,2026-09-08 07:06:58.121,2026-09-08 07:07:43.928,TRUE,
TASK-20260908T070930692553Z,3,샴푸리필,slot_4,SUCCESS,1,"[{'attempt_no': 1, 'status': 'SUCCESS', 'started_at': '2026-09-08T07:11:39.475012+00:00', 'ended_at': '2026-09-08T07:12:27.419025+00:00', 'failed_stage': '', 'error_code': '', 'detail': ''}]",,2026-09-08 07:11:39.475,2026-09-08 07:12:27.419,TRUE,
TASK-20260908T071342411900Z,3,샴푸리필,slot_4,FAILED,2,"[{'attempt_no': 1, 'status': 'FAILED', 'started_at': '2026-09-08T07:16:39.117094+00:00', 'ended_at': '2026-09-08T07:16:46.352346+00:00', 'failed_stage': 'OBSERVE', 'error_code': 'stale', 'detail': '좌표 획득 실패'}, {'attempt_no': 2, 'status': 'FAILED', 'started_at': '2026-09-08T07:16:46.353019+00:00', 'ended_at': '2026-09-08T07:16:50.497491+00:00', 'failed_stage': 'OBSERVE', 'error_code': 'stale', 'detail': '좌표 획득 실패'}]",max_attempts,2026-09-08 07:16:39.117,2026-09-08 07:16:50.497,FALSE,좌표획득실패
TASK-20260908T062225060390Z,0,수세미,slot_1,SUCCESS,1,"[{'attempt_no': 1, 'status': 'SUCCESS', 'started_at': '2026-09-08T06:22:45.259470+00:00', 'ended_at': '2026-09-08T06:23:33.782391+00:00', 'failed_stage': '', 'error_code': '', 'detail': ''}]",,2026-09-08 06:22:45.259,2026-09-08 06:23:33.782,TRUE,파지 성공 후 떨어뜨림
TASK-20260908T062653244581Z,0,수세미,slot_1,SUCCESS,1,"[{'attempt_no': 1, 'status': 'SUCCESS', 'started_at': '2026-09-08T06:27:06.565811+00:00', 'ended_at': '2026-09-08T06:27:55.087249+00:00', 'failed_stage': '', 'error_code': '', 'detail': ''}]",,2026-09-08 06:27:06.565,2026-09-08 06:27:55.087,TRUE,
TASK-20260908T063104191011Z,1,수세미,slot_2,SUCCESS,1,"[{'attempt_no': 1, 'status': 'SUCCESS', 'started_at': '2026-09-08T06:32:03.191562+00:00', 'ended_at': '2026-09-08T06:32:49.191946+00:00', 'failed_stage': '', 'error_code': '', 'detail': ''}]",,2026-09-08 06:32:03.191,2026-09-08 06:32:49.191,TRUE,
TASK-20260908T063535978796Z,1,수세미,slot_2,SUCCESS,1,"[{'attempt_no': 1, 'status': 'SUCCESS', 'started_at': '2026-09-08T06:36:59.198141+00:00', 'ended_at': '2026-09-08T06:37:44.495218+00:00', 'failed_stage': '', 'error_code': '', 'detail': ''}]",,2026-09-08 06:36:59.198,2026-09-08 06:37:44.495,TRUE,
TASK-20260908T063921355753Z,1,수세미,slot_2,SUCCESS,1,"[{'attempt_no': 1, 'status': 'SUCCESS', 'started_at': '2026-09-08T06:40:41.198898+00:00', 'ended_at': '2026-09-08T06:41:24.899014+00:00', 'failed_stage': '', 'error_code': '', 'detail': ''}]",,2026-09-08 06:40:41.198,2026-09-08 06:41:24.899,TRUE,
TASK-20260908T072024958487Z,1,수세미,slot_2,SUCCESS,1,"[{'attempt_no': 1, 'status': 'SUCCESS', 'started_at': '2026-09-08T07:21:30.916901+00:00', 'ended_at': '2026-09-08T07:22:13.815017+00:00', 'failed_stage': '', 'error_code': '', 'detail': ''}]",,2026-09-08 07:21:30.916,2026-09-08 07:22:13.815,TRUE,
TASK-20260908T072630963561Z,1,수세미,slot_2,SUCCESS,1,"[{'attempt_no': 1, 'status': 'SUCCESS', 'started_at': '2026-09-08T07:27:27.325355+00:00', 'ended_at': '2026-09-08T07:28:13.114157+00:00', 'failed_stage': '', 'error_code': '', 'detail': ''}]",,2026-09-08 07:27:27.325,2026-09-08 07:28:13.114,TRUE,
TASK-20260908T073206626754Z,1,수세미,slot_2,SUCCESS,1,"[{'attempt_no': 1, 'status': 'SUCCESS', 'started_at': '2026-09-08T07:33:05.816294+00:00', 'ended_at': '2026-09-08T07:33:47.814731+00:00', 'failed_stage': '', 'error_code': '', 'detail': ''}]",,2026-09-08 07:33:05.816,2026-09-08 07:33:47.814,TRUE,
TASK-20260908T073716715854Z,1,수세미,slot_2,SUCCESS,1,"[{'attempt_no': 1, 'status': 'SUCCESS', 'started_at': '2026-09-08T07:38:30.921167+00:00', 'ended_at': '2026-09-08T07:39:16.416744+00:00', 'failed_stage': '', 'error_code': '', 'detail': ''}]",,2026-09-08 07:38:30.921,2026-09-08 07:39:16.416,TRUE,
TASK-20260908T074316093491Z,1,수세미,slot_2,SUCCESS,1,"[{'attempt_no': 1, 'status': 'SUCCESS', 'started_at': '2026-09-08T07:44:23.631986+00:00', 'ended_at': '2026-09-08T07:45:09.219442+00:00', 'failed_stage': '', 'error_code': '', 'detail': ''}]",,2026-09-08 07:44:23.631,2026-09-08 07:45:09.219,TRUE,
TASK-20260908T075025330164Z,0,수세미,slot_1,SUCCESS,1,"[{'attempt_no': 1, 'status': 'SUCCESS', 'started_at': '2026-09-08T07:50:40.734130+00:00', 'ended_at': '2026-09-08T07:51:30.325020+00:00', 'failed_stage': '', 'error_code': '', 'detail': ''}]",,2026-09-08 07:50:40.734,2026-09-08 07:51:30.325,TRUE,
TASK-20260908T075614673810Z,0,수세미,slot_1,SUCCESS,1,"[{'attempt_no': 1, 'status': 'SUCCESS', 'started_at': '2026-09-08T07:56:34.214776+00:00', 'ended_at': '2026-09-08T07:57:23.725007+00:00', 'failed_stage': '', 'error_code': '', 'detail': ''}]",,2026-09-08 07:56:34.214,2026-09-08 07:57:23.725,FALSE,잘못된객체파지
TASK-20260908T080208052580Z,0,수세미,slot_1,SUCCESS,1,"[{'attempt_no': 1, 'status': 'SUCCESS', 'started_at': '2026-09-08T08:02:23.140388+00:00', 'ended_at': '2026-09-08T08:03:10.428193+00:00', 'failed_stage': '', 'error_code': '', 'detail': ''}]",,2026-09-08 08:02:23.140,2026-09-08 08:03:10.428,TRUE,
TASK-20260908T080759225001Z,0,수세미,slot_1,SUCCESS,1,"[{'attempt_no': 1, 'status': 'SUCCESS', 'started_at': '2026-09-08T08:08:17.286084+00:00', 'ended_at': '2026-09-08T08:09:03.832060+00:00', 'failed_stage': '', 'error_code': '', 'detail': ''}]",,2026-09-08 08:08:17.286,2026-09-08 08:09:03.832,TRUE,
TASK-20260908T081351275574Z,0,수세미,slot_1,FAILED,1,"[{'attempt_no': 1, 'status': 'FAILED', 'started_at': '2026-09-08T08:14:01.786188+00:00', 'ended_at': '2026-09-08T08:14:16.342135+00:00', 'failed_stage': 'PICK', 'error_code': 'pick_failed', 'detail': 'movel failed: result=-1, pose=[545.978855754463, -61.92775592406005, 86.13564833049037, 101.03227233886719, 179.98629760742188, 191.4003448486328]'}]",pick_failed,2026-09-08 08:14:01.786,2026-09-08 08:14:16.342,FALSE,
TASK-20260908T081523653769Z,0,수세미,slot_1,SUCCESS,1,"[{'attempt_no': 1, 'status': 'SUCCESS', 'started_at': '2026-09-08T08:15:35.709873+00:00', 'ended_at': '2026-09-08T08:16:24.634059+00:00', 'failed_stage': '', 'error_code': '', 'detail': ''}]",,2026-09-08 08:15:35.709,2026-09-08 08:16:24.634,FALSE,파지실패
TASK-20260908T062225060390Z,1,양갱,slot_2,SUCCESS,1,"[{'attempt_no': 1, 'status': 'SUCCESS', 'started_at': '2026-09-08T06:23:33.784597+00:00', 'ended_at': '2026-09-08T06:24:18.383167+00:00', 'failed_stage': '', 'error_code': '', 'detail': ''}]",,2026-09-08 06:23:33.784,2026-09-08 06:24:18.383,FALSE,
TASK-20260908T062653244581Z,1,양갱,slot_2,FAILED,2,"[{'attempt_no': 1, 'status': 'FAILED', 'started_at': '2026-09-08T06:27:55.088415+00:00', 'ended_at': '2026-09-08T06:28:02.397744+00:00', 'failed_stage': 'OBSERVE', 'error_code': 'not_detected', 'detail': '좌표 획득 실패'}, {'attempt_no': 2, 'status': 'FAILED', 'started_at': '2026-09-08T06:28:02.398325+00:00', 'ended_at': '2026-09-08T06:28:06.558234+00:00', 'failed_stage': 'OBSERVE', 'error_code': 'not_detected', 'detail': '좌표 획득 실패'}]",max_attempts,2026-09-08 06:27:55.088,2026-09-08 06:28:06.558,FALSE,좌표획득실패
TASK-20260908T063104191011Z,2,양갱,slot_3,FAILED,1,"[{'attempt_no': 1, 'status': 'FAILED', 'started_at': '2026-09-08T06:32:49.194113+00:00', 'ended_at': '2026-09-08T06:32:56.428400+00:00', 'failed_stage': 'OBSERVE', 'error_code': 'out_of_workspace', 'detail': '좌표 획득 실패'}]",out_of_workspace,2026-09-08 06:32:49.194,2026-09-08 06:32:56.428,FALSE,좌표획득실패
TASK-20260908T063535978796Z,2,양갱,slot_3,FAILED,2,"[{'attempt_no': 1, 'status': 'FAILED', 'started_at': '2026-09-08T06:37:44.496194+00:00', 'ended_at': '2026-09-08T06:37:51.755898+00:00', 'failed_stage': 'OBSERVE', 'error_code': 'not_detected', 'detail': '좌표 획득 실패'}, {'attempt_no': 2, 'status': 'FAILED', 'started_at': '2026-09-08T06:37:51.756749+00:00', 'ended_at': '2026-09-08T06:37:55.913535+00:00', 'failed_stage': 'OBSERVE', 'error_code': 'not_detected', 'detail': '좌표 획득 실패'}]",max_attempts,2026-09-08 06:37:44.496,2026-09-08 06:37:55.913,FALSE,
TASK-20260908T063921355753Z,2,양갱,slot_3,FAILED,2,"[{'attempt_no': 1, 'status': 'FAILED', 'started_at': '2026-09-08T06:41:24.901058+00:00', 'ended_at': '2026-09-08T06:41:32.146345+00:00', 'failed_stage': 'OBSERVE', 'error_code': 'not_detected', 'detail': '좌표 획득 실패'}, {'attempt_no': 2, 'status': 'FAILED', 'started_at': '2026-09-08T06:41:32.147132+00:00', 'ended_at': '2026-09-08T06:41:36.318010+00:00', 'failed_stage': 'OBSERVE', 'error_code': 'not_detected', 'detail': '좌표 획득 실패'}]",max_attempts,2026-09-08 06:41:24.901,2026-09-08 06:41:36.318,FALSE,
TASK-20260908T072024958487Z,2,양갱,slot_3,SUCCESS,1,"[{'attempt_no': 1, 'status': 'SUCCESS', 'started_at': '2026-09-08T07:22:13.816190+00:00', 'ended_at': '2026-09-08T07:22:56.114054+00:00', 'failed_stage': '', 'error_code': '', 'detail': ''}]",,2026-09-08 07:22:13.816,2026-09-08 07:22:56.114,TRUE,
TASK-20260908T072630963561Z,2,양갱,slot_3,SUCCESS,1,"[{'attempt_no': 1, 'status': 'SUCCESS', 'started_at': '2026-09-08T07:28:13.117313+00:00', 'ended_at': '2026-09-08T07:28:55.514771+00:00', 'failed_stage': '', 'error_code': '', 'detail': ''}]",,2026-09-08 07:28:13.117,2026-09-08 07:28:55.514,TRUE,
TASK-20260908T073206626754Z,2,양갱,slot_3,SUCCESS,1,"[{'attempt_no': 1, 'status': 'SUCCESS', 'started_at': '2026-09-08T07:33:47.815664+00:00', 'ended_at': '2026-09-08T07:34:33.315458+00:00', 'failed_stage': '', 'error_code': '', 'detail': ''}]",,2026-09-08 07:33:47.815,2026-09-08 07:34:33.315,TRUE,
TASK-20260908T073716715854Z,2,양갱,slot_3,SUCCESS,1,"[{'attempt_no': 1, 'status': 'SUCCESS', 'started_at': '2026-09-08T07:39:16.417883+00:00', 'ended_at': '2026-09-08T07:40:00.418148+00:00', 'failed_stage': '', 'error_code': '', 'detail': ''}]",,2026-09-08 07:39:16.417,2026-09-08 07:40:00.418,TRUE,
TASK-20260908T074316093491Z,2,양갱,slot_3,SUCCESS,1,"[{'attempt_no': 1, 'status': 'SUCCESS', 'started_at': '2026-09-08T07:45:09.222878+00:00', 'ended_at': '2026-09-08T07:45:54.020411+00:00', 'failed_stage': '', 'error_code': '', 'detail': ''}]",,2026-09-08 07:45:09.222,2026-09-08 07:45:54.020,TRUE,
TASK-20260908T075025330164Z,1,양갱,slot_2,SUCCESS,1,"[{'attempt_no': 1, 'status': 'SUCCESS', 'started_at': '2026-09-08T07:51:30.327276+00:00', 'ended_at': '2026-09-08T07:52:14.724180+00:00', 'failed_stage': '', 'error_code': '', 'detail': ''}]",,2026-09-08 07:51:30.327,2026-09-08 07:52:14.724,TRUE,
TASK-20260908T075025330164Z,2,양갱,slot_3,SUCCESS,1,"[{'attempt_no': 1, 'status': 'SUCCESS', 'started_at': '2026-09-08T07:52:14.726898+00:00', 'ended_at': '2026-09-08T07:52:59.433050+00:00', 'failed_stage': '', 'error_code': '', 'detail': ''}]",,2026-09-08 07:52:14.726,2026-09-08 07:52:59.433,TRUE,
TASK-20260908T075614673810Z,1,양갱,slot_2,SUCCESS,1,"[{'attempt_no': 1, 'status': 'SUCCESS', 'started_at': '2026-09-08T07:57:23.727333+00:00', 'ended_at': '2026-09-08T07:58:08.225661+00:00', 'failed_stage': '', 'error_code': '', 'detail': ''}]",,2026-09-08 07:57:23.727,2026-09-08 07:58:08.225,FALSE,파지실패
TASK-20260908T075614673810Z,2,양갱,slot_3,SUCCESS,1,"[{'attempt_no': 1, 'status': 'SUCCESS', 'started_at': '2026-09-08T07:58:08.228060+00:00', 'ended_at': '2026-09-08T07:58:51.726080+00:00', 'failed_stage': '', 'error_code': '', 'detail': ''}]",,2026-09-08 07:58:08.228,2026-09-08 07:58:51.726,TRUE,
TASK-20260908T080208052580Z,1,양갱,slot_2,SUCCESS,1,"[{'attempt_no': 1, 'status': 'SUCCESS', 'started_at': '2026-09-08T08:03:10.432393+00:00', 'ended_at': '2026-09-08T08:03:54.628069+00:00', 'failed_stage': '', 'error_code': '', 'detail': ''}]",,2026-09-08 08:03:10.432,2026-09-08 08:03:54.628,TRUE,
TASK-20260908T080208052580Z,2,양갱,slot_3,SUCCESS,1,"[{'attempt_no': 1, 'status': 'SUCCESS', 'started_at': '2026-09-08T08:03:54.629349+00:00', 'ended_at': '2026-09-08T08:04:37.828863+00:00', 'failed_stage': '', 'error_code': '', 'detail': ''}]",,2026-09-08 08:03:54.629,2026-09-08 08:04:37.828,TRUE,
TASK-20260908T080759225001Z,1,양갱,slot_2,SUCCESS,1,"[{'attempt_no': 1, 'status': 'SUCCESS', 'started_at': '2026-09-08T08:09:03.834375+00:00', 'ended_at': '2026-09-08T08:09:50.730940+00:00', 'failed_stage': '', 'error_code': '', 'detail': ''}]",,2026-09-08 08:09:03.834,2026-09-08 08:09:50.730,TRUE,
TASK-20260908T080759225001Z,2,양갱,slot_3,SUCCESS,1,"[{'attempt_no': 1, 'status': 'SUCCESS', 'started_at': '2026-09-08T08:09:50.732406+00:00', 'ended_at': '2026-09-08T08:10:37.133079+00:00', 'failed_stage': '', 'error_code': '', 'detail': ''}]",,2026-09-08 08:09:50.732,2026-09-08 08:10:37.133,TRUE,
TASK-20260908T081523653769Z,1,양갱,slot_2,SUCCESS,1,"[{'attempt_no': 1, 'status': 'SUCCESS', 'started_at': '2026-09-08T08:16:24.635745+00:00', 'ended_at': '2026-09-08T08:17:07.335153+00:00', 'failed_stage': '', 'error_code': '', 'detail': ''}]",,2026-09-08 08:16:24.635,2026-09-08 08:17:07.335,TRUE,
TASK-20260908T081523653769Z,2,양갱,slot_3,SUCCESS,1,"[{'attempt_no': 1, 'status': 'SUCCESS', 'started_at': '2026-09-08T08:17:07.336820+00:00', 'ended_at': '2026-09-08T08:17:52.835009+00:00', 'failed_stage': '', 'error_code': '', 'detail': ''}]",,2026-09-08 08:17:07.336,2026-09-08 08:17:52.835,TRUE,
TASK-20260908T062225060390Z,2,여행용티슈,slot_3,SUCCESS,1,"[{'attempt_no': 1, 'status': 'SUCCESS', 'started_at': '2026-09-08T06:24:18.386510+00:00', 'ended_at': '2026-09-08T06:24:59.783988+00:00', 'failed_stage': '', 'error_code': '', 'detail': ''}]",,2026-09-08 06:24:18.386,2026-09-08 06:24:59.783,FALSE,
TASK-20260908T062653244581Z,2,여행용티슈,slot_3,SUCCESS,1,"[{'attempt_no': 1, 'status': 'SUCCESS', 'started_at': '2026-09-08T06:28:06.559170+00:00', 'ended_at': '2026-09-08T06:28:44.586792+00:00', 'failed_stage': '', 'error_code': '', 'detail': ''}]",,2026-09-08 06:28:06.559,2026-09-08 06:28:44.586,TRUE,
TASK-20260908T063104191011Z,3,여행용티슈,slot_4,SUCCESS,1,"[{'attempt_no': 1, 'status': 'SUCCESS', 'started_at': '2026-09-08T06:32:56.431713+00:00', 'ended_at': '2026-09-08T06:33:38.293041+00:00', 'failed_stage': '', 'error_code': '', 'detail': ''}]",,2026-09-08 06:32:56.431,2026-09-08 06:33:38.293,TRUE,
TASK-20260908T063535978796Z,3,여행용티슈,slot_4,SUCCESS,1,"[{'attempt_no': 1, 'status': 'SUCCESS', 'started_at': '2026-09-08T06:37:55.915869+00:00', 'ended_at': '2026-09-08T06:38:40.495495+00:00', 'failed_stage': '', 'error_code': '', 'detail': ''}]",,2026-09-08 06:37:55.915,2026-09-08 06:38:40.495,TRUE,
TASK-20260908T063921355753Z,3,여행용티슈,slot_4,SUCCESS,1,"[{'attempt_no': 1, 'status': 'SUCCESS', 'started_at': '2026-09-08T06:41:36.319509+00:00', 'ended_at': '2026-09-08T06:42:19.997681+00:00', 'failed_stage': '', 'error_code': '', 'detail': ''}]",,2026-09-08 06:41:36.319,2026-09-08 06:42:19.997,TRUE,
TASK-20260908T064526000816Z,4,여행용티슈,slot_5,SUCCESS,1,"[{'attempt_no': 1, 'status': 'SUCCESS', 'started_at': '2026-09-08T06:49:09.904302+00:00', 'ended_at': '2026-09-08T06:49:50.702839+00:00', 'failed_stage': '', 'error_code': '', 'detail': ''}]",,2026-09-08 06:49:09.904,2026-09-08 06:49:50.702,TRUE,
TASK-20260908T070429730427Z,4,여행용티슈,slot_5,SUCCESS,1,"[{'attempt_no': 1, 'status': 'SUCCESS', 'started_at': '2026-09-08T07:07:43.929500+00:00', 'ended_at': '2026-09-08T07:08:27.119114+00:00', 'failed_stage': '', 'error_code': '', 'detail': ''}]",,2026-09-08 07:07:43.929,2026-09-08 07:08:27.119,TRUE,
TASK-20260908T070930692553Z,4,여행용티슈,slot_5,FAILED,2,"[{'attempt_no': 1, 'status': 'FAILED', 'started_at': '2026-09-08T07:12:27.420055+00:00', 'ended_at': '2026-09-08T07:12:34.652175+00:00', 'failed_stage': 'OBSERVE', 'error_code': 'stale', 'detail': '좌표 획득 실패'}, {'attempt_no': 2, 'status': 'FAILED', 'started_at': '2026-09-08T07:12:34.652574+00:00', 'ended_at': '2026-09-08T07:12:38.802881+00:00', 'failed_stage': 'OBSERVE', 'error_code': 'stale', 'detail': '좌표 획득 실패'}]",max_attempts,2026-09-08 07:12:27.420,2026-09-08 07:12:38.802,FALSE,좌표획득실패
TASK-20260908T071342411900Z,4,여행용티슈,slot_5,FAILED,2,"[{'attempt_no': 1, 'status': 'FAILED', 'started_at': '2026-09-08T07:16:50.498347+00:00', 'ended_at': '2026-09-08T07:16:54.647867+00:00', 'failed_stage': 'OBSERVE', 'error_code': 'stale', 'detail': '좌표 획득 실패'}, {'attempt_no': 2, 'status': 'FAILED', 'started_at': '2026-09-08T07:16:54.648394+00:00', 'ended_at': '2026-09-08T07:16:58.803309+00:00', 'failed_stage': 'OBSERVE', 'error_code': 'stale', 'detail': '좌표 획득 실패'}]",max_attempts,2026-09-08 07:16:50.498,2026-09-08 07:16:58.803,FALSE,좌표획득실패
TASK-20260908T064526000816Z,5,일회용숟가락,slot_6,SUCCESS,1,"[{'attempt_no': 1, 'status': 'SUCCESS', 'started_at': '2026-09-08T06:49:50.703930+00:00', 'ended_at': '2026-09-08T06:50:32.002978+00:00', 'failed_stage': '', 'error_code': '', 'detail': ''}]",,2026-09-08 06:49:50.703,2026-09-08 06:50:32.002,TRUE,
TASK-20260908T070429730427Z,5,일회용숟가락,slot_6,SUCCESS,1,"[{'attempt_no': 1, 'status': 'SUCCESS', 'started_at': '2026-09-08T07:08:27.120389+00:00', 'ended_at': '2026-09-08T07:09:11.020129+00:00', 'failed_stage': '', 'error_code': '', 'detail': ''}]",,2026-09-08 07:08:27.120,2026-09-08 07:09:11.020,FALSE,
TASK-20260908T070930692553Z,5,일회용숟가락,slot_6,SUCCESS,2,"[{'attempt_no': 1, 'status': 'FAILED', 'started_at': '2026-09-08T07:12:38.803429+00:00', 'ended_at': '2026-09-08T07:12:42.957721+00:00', 'failed_stage': 'OBSERVE', 'error_code': 'stale', 'detail': '좌표 획득 실패'}, {'attempt_no': 2, 'status': 'SUCCESS', 'started_at': '2026-09-08T07:12:42.958305+00:00', 'ended_at': '2026-09-08T07:13:22.717171+00:00', 'failed_stage': '', 'error_code': '', 'detail': ''}]",,2026-09-08 07:12:38.803,2026-09-08 07:13:22.717,TRUE,
TASK-20260908T071342411900Z,5,일회용숟가락,slot_6,SUCCESS,1,"[{'attempt_no': 1, 'status': 'SUCCESS', 'started_at': '2026-09-08T07:16:58.804227+00:00', 'ended_at': '2026-09-08T07:17:38.413914+00:00', 'failed_stage': '', 'error_code': '', 'detail': ''}]",,2026-09-08 07:16:58.804,2026-09-08 07:17:38.413,TRUE,
TASK-20260908T072024958487Z,3,일회용숟가락,slot_4,SUCCESS,1,"[{'attempt_no': 1, 'status': 'SUCCESS', 'started_at': '2026-09-08T07:22:56.115222+00:00', 'ended_at': '2026-09-08T07:23:41.412705+00:00', 'failed_stage': '', 'error_code': '', 'detail': ''}]",,2026-09-08 07:22:56.115,2026-09-08 07:23:41.412,TRUE,
TASK-20260908T072630963561Z,3,일회용숟가락,slot_4,SUCCESS,1,"[{'attempt_no': 1, 'status': 'SUCCESS', 'started_at': '2026-09-08T07:28:55.516673+00:00', 'ended_at': '2026-09-08T07:29:41.425128+00:00', 'failed_stage': '', 'error_code': '', 'detail': ''}]",,2026-09-08 07:28:55.516,2026-09-08 07:29:41.425,TRUE,
TASK-20260908T073206626754Z,3,일회용숟가락,slot_4,SUCCESS,1,"[{'attempt_no': 1, 'status': 'SUCCESS', 'started_at': '2026-09-08T07:34:33.316752+00:00', 'ended_at': '2026-09-08T07:35:20.216228+00:00', 'failed_stage': '', 'error_code': '', 'detail': ''}]",,2026-09-08 07:34:33.316,2026-09-08 07:35:20.216,TRUE,
TASK-20260908T073716715854Z,3,일회용숟가락,slot_4,SUCCESS,1,"[{'attempt_no': 1, 'status': 'SUCCESS', 'started_at': '2026-09-08T07:40:00.419896+00:00', 'ended_at': '2026-09-08T07:40:51.018080+00:00', 'failed_stage': '', 'error_code': '', 'detail': ''}]",,2026-09-08 07:40:00.419,2026-09-08 07:40:51.018,TRUE,
TASK-20260908T074316093491Z,3,일회용숟가락,slot_4,SUCCESS,1,"[{'attempt_no': 1, 'status': 'SUCCESS', 'started_at': '2026-09-08T07:45:54.022219+00:00', 'ended_at': '2026-09-08T07:46:40.219886+00:00', 'failed_stage': '', 'error_code': '', 'detail': ''}]",,2026-09-08 07:45:54.022,2026-09-08 07:46:40.219,TRUE,
TASK-20260908T075025330164Z,3,일회용숟가락,slot_4,SUCCESS,1,"[{'attempt_no': 1, 'status': 'SUCCESS', 'started_at': '2026-09-08T07:52:59.434038+00:00', 'ended_at': '2026-09-08T07:53:44.626005+00:00', 'failed_stage': '', 'error_code': '', 'detail': ''}]",,2026-09-08 07:52:59.434,2026-09-08 07:53:44.626,TRUE,
TASK-20260908T075614673810Z,3,일회용숟가락,slot_4,SUCCESS,1,"[{'attempt_no': 1, 'status': 'SUCCESS', 'started_at': '2026-09-08T07:58:51.729496+00:00', 'ended_at': '2026-09-08T07:59:40.527726+00:00', 'failed_stage': '', 'error_code': '', 'detail': ''}]",,2026-09-08 07:58:51.729,2026-09-08 07:59:40.527,TRUE,
TASK-20260908T080208052580Z,3,일회용숟가락,slot_4,SUCCESS,1,"[{'attempt_no': 1, 'status': 'SUCCESS', 'started_at': '2026-09-08T08:04:37.830148+00:00', 'ended_at': '2026-09-08T08:05:27.529074+00:00', 'failed_stage': '', 'error_code': '', 'detail': ''}]",,2026-09-08 08:04:37.830,2026-09-08 08:05:27.529,FALSE,
TASK-20260908T080759225001Z,3,일회용숟가락,slot_4,SUCCESS,1,"[{'attempt_no': 1, 'status': 'SUCCESS', 'started_at': '2026-09-08T08:10:37.134178+00:00', 'ended_at': '2026-09-08T08:11:24.131624+00:00', 'failed_stage': '', 'error_code': '', 'detail': ''}]",,2026-09-08 08:10:37.134,2026-09-08 08:11:24.131,TRUE,
TASK-20260908T081523653769Z,3,일회용숟가락,slot_4,SUCCESS,1,"[{'attempt_no': 1, 'status': 'SUCCESS', 'started_at': '2026-09-08T08:17:52.836333+00:00', 'ended_at': '2026-09-08T08:18:41.535056+00:00', 'failed_stage': '', 'error_code': '', 'detail': ''}]",,2026-09-08 08:17:52.836,2026-09-08 08:18:41.535,TRUE,
TASK-20260908T062225060390Z,3,컵라면,slot_4,SUCCESS,1,"[{'attempt_no': 1, 'status': 'SUCCESS', 'started_at': '2026-09-08T06:24:59.786635+00:00', 'ended_at': '2026-09-08T06:25:50.584174+00:00', 'failed_stage': '', 'error_code': '', 'detail': ''}]",,2026-09-08 06:24:59.786,2026-09-08 06:25:50.584,TRUE,파지 후 실패
TASK-20260908T062653244581Z,3,컵라면,slot_4,SUCCESS,1,"[{'attempt_no': 1, 'status': 'SUCCESS', 'started_at': '2026-09-08T06:28:44.588993+00:00', 'ended_at': '2026-09-08T06:29:35.091038+00:00', 'failed_stage': '', 'error_code': '', 'detail': ''}]",,2026-09-08 06:28:44.588,2026-09-08 06:29:35.091,TRUE,파지 후 실패
TASK-20260908T063104191011Z,4,컵라면,slot_5,SUCCESS,1,"[{'attempt_no': 1, 'status': 'SUCCESS', 'started_at': '2026-09-08T06:33:38.297908+00:00', 'ended_at': '2026-09-08T06:34:24.892042+00:00', 'failed_stage': '', 'error_code': '', 'detail': ''}]",,2026-09-08 06:33:38.297,2026-09-08 06:34:24.892,TRUE,
TASK-20260908T063535978796Z,4,컵라면,slot_5,FAILED,2,"[{'attempt_no': 1, 'status': 'FAILED', 'started_at': '2026-09-08T06:38:40.496527+00:00', 'ended_at': '2026-09-08T06:38:47.717005+00:00', 'failed_stage': 'OBSERVE', 'error_code': 'stale', 'detail': '좌표 획득 실패'}, {'attempt_no': 2, 'status': 'FAILED', 'started_at': '2026-09-08T06:38:47.721606+00:00', 'ended_at': '2026-09-08T06:38:51.882030+00:00', 'failed_stage': 'OBSERVE', 'error_code': 'stale', 'detail': '좌표 획득 실패'}]",max_attempts,2026-09-08 06:38:40.496,2026-09-08 06:38:51.882,FALSE,좌표획득실패
TASK-20260908T063921355753Z,4,컵라면,slot_5,SUCCESS,1,"[{'attempt_no': 1, 'status': 'SUCCESS', 'started_at': '2026-09-08T06:42:19.999459+00:00', 'ended_at': '2026-09-08T06:43:05.699138+00:00', 'failed_stage': '', 'error_code': '', 'detail': ''}]",,2026-09-08 06:42:19.999,2026-09-08 06:43:05.699,FALSE,파지실패
TASK-20260908T072024958487Z,4,컵라면,slot_5,SUCCESS,1,"[{'attempt_no': 1, 'status': 'SUCCESS', 'started_at': '2026-09-08T07:23:41.414195+00:00', 'ended_at': '2026-09-08T07:24:29.812636+00:00', 'failed_stage': '', 'error_code': '', 'detail': ''}]",,2026-09-08 07:23:41.414,2026-09-08 07:24:29.812,TRUE,
TASK-20260908T072630963561Z,4,컵라면,slot_5,SUCCESS,1,"[{'attempt_no': 1, 'status': 'SUCCESS', 'started_at': '2026-09-08T07:29:41.427290+00:00', 'ended_at': '2026-09-08T07:30:24.314228+00:00', 'failed_stage': '', 'error_code': '', 'detail': ''}]",,2026-09-08 07:29:41.427,2026-09-08 07:30:24.314,FALSE,파지실패
TASK-20260908T073206626754Z,4,컵라면,slot_5,SUCCESS,1,"[{'attempt_no': 1, 'status': 'SUCCESS', 'started_at': '2026-09-08T07:35:20.219600+00:00', 'ended_at': '2026-09-08T07:36:05.916854+00:00', 'failed_stage': '', 'error_code': '', 'detail': ''}]",,2026-09-08 07:35:20.219,2026-09-08 07:36:05.916,TRUE,
TASK-20260908T073716715854Z,4,컵라면,slot_5,SUCCESS,1,"[{'attempt_no': 1, 'status': 'SUCCESS', 'started_at': '2026-09-08T07:40:51.020533+00:00', 'ended_at': '2026-09-08T07:41:31.919279+00:00', 'failed_stage': '', 'error_code': '', 'detail': ''}]",,2026-09-08 07:40:51.020,2026-09-08 07:41:31.919,TRUE,
TASK-20260908T074316093491Z,4,컵라면,slot_5,SUCCESS,1,"[{'attempt_no': 1, 'status': 'SUCCESS', 'started_at': '2026-09-08T07:46:40.220890+00:00', 'ended_at': '2026-09-08T07:47:26.521048+00:00', 'failed_stage': '', 'error_code': '', 'detail': ''}]",,2026-09-08 07:46:40.220,2026-09-08 07:47:26.521,FALSE,
TASK-20260908T075025330164Z,4,컵라면,slot_5,SUCCESS,1,"[{'attempt_no': 1, 'status': 'SUCCESS', 'started_at': '2026-09-08T07:53:44.627278+00:00', 'ended_at': '2026-09-08T07:54:31.825222+00:00', 'failed_stage': '', 'error_code': '', 'detail': ''}]",,2026-09-08 07:53:44.627,2026-09-08 07:54:31.825,FALSE,그리퍼안전모드
TASK-20260908T075614673810Z,4,컵라면,slot_5,SUCCESS,1,"[{'attempt_no': 1, 'status': 'SUCCESS', 'started_at': '2026-09-08T07:59:40.528920+00:00', 'ended_at': '2026-09-08T08:00:27.827198+00:00', 'failed_stage': '', 'error_code': '', 'detail': ''}]",,2026-09-08 07:59:40.528,2026-09-08 08:00:27.827,FALSE,파지실패
TASK-20260908T080208052580Z,4,컵라면,slot_5,SUCCESS,1,"[{'attempt_no': 1, 'status': 'SUCCESS', 'started_at': '2026-09-08T08:05:27.530264+00:00', 'ended_at': '2026-09-08T08:06:14.930132+00:00', 'failed_stage': '', 'error_code': '', 'detail': ''}]",,2026-09-08 08:05:27.530,2026-09-08 08:06:14.930,TRUE,
TASK-20260908T080759225001Z,4,컵라면,slot_5,SUCCESS,1,"[{'attempt_no': 1, 'status': 'SUCCESS', 'started_at': '2026-09-08T08:11:24.132818+00:00', 'ended_at': '2026-09-08T08:12:11.232148+00:00', 'failed_stage': '', 'error_code': '', 'detail': ''}]",,2026-09-08 08:11:24.132,2026-09-08 08:12:11.232,TRUE,
TASK-20260908T081523653769Z,4,컵라면,slot_5,SUCCESS,1,"[{'attempt_no': 1, 'status': 'SUCCESS', 'started_at': '2026-09-08T08:18:41.538354+00:00', 'ended_at': '2026-09-08T08:19:28.139317+00:00', 'failed_stage': '', 'error_code': '', 'detail': ''}]",,2026-09-08 08:18:41.538,2026-09-08 08:19:28.139,FALSE,파지실패
TASK-20260908T062225060390Z,4,햄,slot_5,SUCCESS,1,"[{'attempt_no': 1, 'status': 'SUCCESS', 'started_at': '2026-09-08T06:25:50.586295+00:00', 'ended_at': '2026-09-08T06:26:33.487977+00:00', 'failed_stage': '', 'error_code': '', 'detail': ''}]",,2026-09-08 06:25:50.586,2026-09-08 06:26:33.487,TRUE,
TASK-20260908T062653244581Z,4,햄,slot_5,SUCCESS,1,"[{'attempt_no': 1, 'status': 'SUCCESS', 'started_at': '2026-09-08T06:29:35.092552+00:00', 'ended_at': '2026-09-08T06:30:18.889183+00:00', 'failed_stage': '', 'error_code': '', 'detail': ''}]",,2026-09-08 06:29:35.092,2026-09-08 06:30:18.889,TRUE,
TASK-20260908T063104191011Z,5,햄,slot_6,SUCCESS,1,"[{'attempt_no': 1, 'status': 'SUCCESS', 'started_at': '2026-09-08T06:34:24.893268+00:00', 'ended_at': '2026-09-08T06:35:08.892878+00:00', 'failed_stage': '', 'error_code': '', 'detail': ''}]",,2026-09-08 06:34:24.893,2026-09-08 06:35:08.892,TRUE,
TASK-20260908T063535978796Z,5,햄,slot_6,FAILED,2,"[{'attempt_no': 1, 'status': 'FAILED', 'started_at': '2026-09-08T06:38:51.885061+00:00', 'ended_at': '2026-09-08T06:38:56.031403+00:00', 'failed_stage': 'OBSERVE', 'error_code': 'stale', 'detail': '좌표 획득 실패'}, {'attempt_no': 2, 'status': 'FAILED', 'started_at': '2026-09-08T06:38:56.031824+00:00', 'ended_at': '2026-09-08T06:39:00.197055+00:00', 'failed_stage': 'OBSERVE', 'error_code': 'stale', 'detail': '좌표 획득 실패'}]",max_attempts,2026-09-08 06:38:51.885,2026-09-08 06:39:00.197,FALSE,좌표 획득 실패
TASK-20260908T063921355753Z,5,햄,slot_6,SUCCESS,1,"[{'attempt_no': 1, 'status': 'SUCCESS', 'started_at': '2026-09-08T06:43:05.700482+00:00', 'ended_at': '2026-09-08T06:43:45.399492+00:00', 'failed_stage': '', 'error_code': '', 'detail': ''}]",,2026-09-08 06:43:05.700,2026-09-08 06:43:45.399,FALSE,파지실패
TASK-20260908T072024958487Z,5,햄,slot_6,SUCCESS,1,"[{'attempt_no': 1, 'status': 'SUCCESS', 'started_at': '2026-09-08T07:24:29.814196+00:00', 'ended_at': '2026-09-08T07:25:14.813539+00:00', 'failed_stage': '', 'error_code': '', 'detail': ''}]",,2026-09-08 07:24:29.814,2026-09-08 07:25:14.813,TRUE,파지후실패
TASK-20260908T072630963561Z,5,햄,slot_6,SUCCESS,1,"[{'attempt_no': 1, 'status': 'SUCCESS', 'started_at': '2026-09-08T07:30:24.315986+00:00', 'ended_at': '2026-09-08T07:31:03.816039+00:00', 'failed_stage': '', 'error_code': '', 'detail': ''}]",,2026-09-08 07:30:24.315,2026-09-08 07:31:03.816,TRUE,
TASK-20260908T073206626754Z,5,햄,slot_6,SUCCESS,1,"[{'attempt_no': 1, 'status': 'SUCCESS', 'started_at': '2026-09-08T07:36:05.921297+00:00', 'ended_at': '2026-09-08T07:36:56.917907+00:00', 'failed_stage': '', 'error_code': '', 'detail': ''}]",,2026-09-08 07:36:05.921,2026-09-08 07:36:56.917,TRUE,
TASK-20260908T073716715854Z,5,햄,slot_6,SUCCESS,1,"[{'attempt_no': 1, 'status': 'SUCCESS', 'started_at': '2026-09-08T07:41:31.924603+00:00', 'ended_at': '2026-09-08T07:42:16.119035+00:00', 'failed_stage': '', 'error_code': '', 'detail': ''}]",,2026-09-08 07:41:31.924,2026-09-08 07:42:16.119,TRUE,
TASK-20260908T074316093491Z,5,햄,slot_6,SUCCESS,1,"[{'attempt_no': 1, 'status': 'SUCCESS', 'started_at': '2026-09-08T07:47:26.524877+00:00', 'ended_at': '2026-09-08T07:48:07.321129+00:00', 'failed_stage': '', 'error_code': '', 'detail': ''}]",,2026-09-08 07:47:26.524,2026-09-08 07:48:07.321,TRUE,
TASK-20260908T075025330164Z,5,햄,slot_6,SUCCESS,1,"[{'attempt_no': 1, 'status': 'SUCCESS', 'started_at': '2026-09-08T07:54:31.827329+00:00', 'ended_at': '2026-09-08T07:55:14.624515+00:00', 'failed_stage': '', 'error_code': '', 'detail': ''}]",,2026-09-08 07:54:31.827,2026-09-08 07:55:14.624,TRUE,
TASK-20260908T075614673810Z,5,햄,slot_6,SUCCESS,1,"[{'attempt_no': 1, 'status': 'SUCCESS', 'started_at': '2026-09-08T08:00:27.828343+00:00', 'ended_at': '2026-09-08T08:01:08.027310+00:00', 'failed_stage': '', 'error_code': '', 'detail': ''}]",,2026-09-08 08:00:27.828,2026-09-08 08:01:08.027,TRUE,파지후실패
TASK-20260908T080208052580Z,5,햄,slot_6,SUCCESS,1,"[{'attempt_no': 1, 'status': 'SUCCESS', 'started_at': '2026-09-08T08:06:14.933441+00:00', 'ended_at': '2026-09-08T08:06:59.129565+00:00', 'failed_stage': '', 'error_code': '', 'detail': ''}]",,2026-09-08 08:06:14.933,2026-09-08 08:06:59.129,TRUE,
TASK-20260908T080759225001Z,5,햄,slot_6,SUCCESS,1,"[{'attempt_no': 1, 'status': 'SUCCESS', 'started_at': '2026-09-08T08:12:11.234043+00:00', 'ended_at': '2026-09-08T08:12:51.132911+00:00', 'failed_stage': '', 'error_code': '', 'detail': ''}]",,2026-09-08 08:12:11.234,2026-09-08 08:12:51.132,TRUE,
TASK-20260908T081523653769Z,5,햄,slot_6,SUCCESS,1,"[{'attempt_no': 1, 'status': 'SUCCESS', 'started_at': '2026-09-08T08:19:28.141994+00:00', 'ended_at': '2026-09-08T08:20:10.944181+00:00', 'failed_stage': '', 'error_code': '', 'detail': ''}]",,2026-09-08 08:19:28.141,2026-09-08 08:20:10.944,TRUE,
